City_ID,City,Country,Date,Lat,Lng,Max Temp,Humidity,Cloudiness,Wind Speed,Current Description
0,Ushuaia,AR,2022-01-29 21:02:36,-54.8,-68.3,51.94,89,100,3.13,light rain
1,Godean,ID,2022-01-29 20:59:05,-7.7697,110.2939,75.04,92,100,2.8,overcast clouds
2,Rikitea,PF,2022-01-29 21:02:38,-23.1203,-134.9692,77.32,73,100,10.71,overcast clouds
3,Hervey Bay,AU,2022-01-29 20:56:10,-25.2986,152.8535,75.02,93,72,7.0,broken clouds
4,Jeremoabo,BR,2022-01-29 21:02:39,-10.075,-38.4808,75.54,74,100,5.88,overcast clouds
5,Bredasdorp,ZA,2022-01-29 21:02:40,-34.5322,20.0403,64.27,72,5,10.98,clear sky
6,New Norfolk,AU,2022-01-29 21:02:41,-42.7826,147.0587,61.66,62,23,1.68,few clouds
7,Port Hedland,AU,2022-01-29 20:58:38,-20.3167,118.5667,82.45,74,40,2.3,scattered clouds
8,Tiksi,RU,2022-01-29 21:02:43,71.6872,128.8694,-8.61,99,53,4.79,broken clouds
9,Mar Del Plata,AR,2022-01-29 21:00:30,-38.0023,-57.5575,72.88,89,1,18.99,clear sky
10,Sakakah,SA,2022-01-29 21:02:44,29.9697,40.2064,46.09,45,0,10.13,clear sky
11,Vaini,TO,2022-01-29 21:02:45,-21.2,-175.2,81.46,78,100,16.84,overcast clouds
12,Puerto Ayora,EC,2022-01-29 21:02:46,-0.7393,-90.3518,76.44,71,28,9.35,scattered clouds
13,Atuona,PF,2022-01-29 21:02:47,-9.8,-139.0333,77.72,75,18,13.67,few clouds
14,Mount Gambier,AU,2022-01-29 21:02:48,-37.8333,140.7667,62.51,88,100,6.91,overcast clouds
15,Cascais,PT,2022-01-29 21:01:44,38.6979,-9.4215,60.48,40,12,5.01,few clouds
16,Nanga Eboko,CM,2022-01-29 21:02:49,4.6833,12.3667,71.6,28,65,2.08,broken clouds
17,Tiarei,PF,2022-01-29 21:02:50,-17.5333,-149.3333,84.22,74,99,13.27,overcast clouds
18,Okuchi,JP,2022-01-29 21:02:51,32.0667,130.6167,41.7,76,99,3.02,overcast clouds
19,Mataura,NZ,2022-01-29 21:02:52,-46.1927,168.8643,57.36,93,100,2.57,light rain
20,Bandarbeyla,SO,2022-01-29 21:02:53,9.4942,50.8122,75.76,65,94,21.99,overcast clouds
21,Norrtalje,SE,2022-01-29 21:01:16,59.758,18.705,42.3,94,100,9.48,moderate rain
22,Gat,IL,2022-01-29 20:59:20,31.61,34.7642,49.41,100,0,2.93,clear sky
23,Provideniya,RU,2022-01-29 21:02:55,64.3833,-173.3,2.66,86,4,5.01,clear sky
24,Hobart,AU,2022-01-29 21:01:34,-42.8794,147.3294,62.02,70,100,1.99,overcast clouds
25,Corn Island,NI,2022-01-29 21:02:56,12.1694,-83.0418,79.21,74,16,20.36,few clouds
26,Korla,CN,2022-01-29 21:02:58,41.7597,86.1469,23.5,54,100,5.03,overcast clouds
27,Ribeira Grande,PT,2022-01-29 21:02:36,38.5167,-28.7,59.4,67,20,5.75,few clouds
28,Biak,ID,2022-01-29 21:02:59,-0.9131,122.8766,76.35,79,98,3.31,overcast clouds
29,Albany,US,2022-01-29 20:59:20,42.6001,-73.9662,16.59,61,100,3.0,overcast clouds
30,Lebu,CL,2022-01-29 21:03:01,-37.6167,-73.65,64.4,76,2,10.96,clear sky
31,Acajutla,SV,2022-01-29 21:00:31,13.5928,-89.8275,88.81,54,28,9.19,scattered clouds
32,Arraial Do Cabo,BR,2022-01-29 21:03:02,-22.9661,-42.0278,76.64,89,73,11.01,light rain
33,Jamestown,US,2022-01-29 20:59:55,42.097,-79.2353,17.29,42,100,5.99,overcast clouds
34,Saskylakh,RU,2022-01-29 21:03:04,71.9167,114.0833,-21.84,100,99,3.44,overcast clouds
35,Sergeyevka,KZ,2022-01-29 21:03:05,53.88,67.4158,4.03,93,100,6.15,overcast clouds
36,Hermanus,ZA,2022-01-29 21:03:06,-34.4187,19.2345,64.8,76,3,13.76,clear sky
37,Gerash,IR,2022-01-29 21:03:07,27.6652,54.1371,55.8,37,3,4.14,clear sky
38,Yellowknife,CA,2022-01-29 21:00:10,62.456,-114.3525,-4.59,86,82,8.01,broken clouds
39,Arcata,US,2022-01-29 21:03:08,40.8665,-124.0828,57.25,72,0,1.01,clear sky
40,Plymouth,US,2022-01-29 21:03:09,41.8334,-70.8328,21.7,92,100,17.27,fog
41,Chuy,UY,2022-01-29 21:02:33,-33.6971,-53.4616,74.12,61,18,11.32,few clouds
42,Berlevag,NO,2022-01-29 21:03:10,70.8578,29.0864,19.4,79,98,5.84,overcast clouds
43,Coruripe,BR,2022-01-29 20:59:33,-10.1256,-36.1756,78.08,65,100,4.54,overcast clouds
44,Chokurdakh,RU,2022-01-29 21:03:12,70.6333,147.9167,-13.09,88,100,1.61,overcast clouds
45,Sinnamary,GF,2022-01-29 21:01:14,5.3833,-52.95,78.8,79,81,7.74,broken clouds
46,Lorengau,PG,2022-01-29 21:03:13,-2.0226,147.2712,80.64,80,99,7.29,overcast clouds
47,Havre-Saint-Pierre,CA,2022-01-29 21:03:14,50.2334,-63.5986,8.62,78,100,21.54,overcast clouds
48,Qaanaaq,GL,2022-01-29 21:04:15,77.484,-69.3632,0.36,64,100,11.1,overcast clouds
49,Mujiayingzi,CN,2022-01-29 21:04:16,42.1167,118.7833,11.73,43,0,4.79,clear sky
50,Nago,JP,2022-01-29 21:04:17,26.5881,127.9761,62.67,84,100,14.14,overcast clouds
51,Shimoda,JP,2022-01-29 21:04:18,34.6667,138.95,38.1,73,66,9.51,broken clouds
52,Busselton,AU,2022-01-29 21:04:19,-33.65,115.3333,67.05,91,5,14.34,clear sky
53,Punta Arenas,CL,2022-01-29 21:00:41,-53.15,-70.9167,53.11,48,100,13.94,overcast clouds
54,Atambua,ID,2022-01-29 20:55:59,-9.1061,124.8925,73.92,91,100,4.74,overcast clouds
55,Correntina,BR,2022-01-29 21:04:21,-13.3433,-44.6367,71.76,91,100,5.68,overcast clouds
56,Butaritari,KI,2022-01-29 21:04:22,3.0707,172.7902,82.11,76,25,19.89,light rain
57,New Plymouth,NZ,2022-01-29 21:04:23,-39.0667,174.0833,65.32,67,4,3.13,clear sky
58,Ancud,CL,2022-01-29 21:04:24,-41.8697,-73.8203,63.93,84,53,12.39,broken clouds
59,Lavrentiya,RU,2022-01-29 21:04:25,65.5833,-171.0,-3.82,83,3,4.07,clear sky
60,Nizhniy Kuranakh,RU,2022-01-29 21:04:26,58.8353,125.4869,-9.81,99,100,4.23,overcast clouds
61,Hilo,US,2022-01-29 20:59:29,19.7297,-155.09,77.11,59,29,5.01,scattered clouds
62,Clyde River,CA,2022-01-29 21:04:28,70.4692,-68.5914,-12.71,97,100,3.4,overcast clouds
63,Umm Kaddadah,SD,2022-01-29 21:04:28,13.6017,26.6876,57.61,18,6,13.82,clear sky
64,Bucerias,MX,2022-01-29 21:04:29,20.75,-105.3333,78.78,61,0,8.05,clear sky
65,Agadir,MA,2022-01-29 21:04:30,30.4202,-9.5982,72.05,33,0,22.55,clear sky
66,Plettenberg Bay,ZA,2022-01-29 20:56:17,-34.0527,23.3716,64.99,90,8,4.05,clear sky
67,Lata,PT,2022-01-29 21:04:33,40.1629,-8.3327,47.05,52,0,5.21,clear sky
68,Tieling,CN,2022-01-29 21:04:34,42.2931,123.8414,11.89,66,0,3.6,clear sky
69,Kuryk,KZ,2022-01-29 21:04:35,43.2,51.65,40.57,84,100,16.08,overcast clouds
70,Richards Bay,ZA,2022-01-29 21:04:35,-28.783,32.0377,71.89,83,61,3.22,broken clouds
71,Molo,KE,2022-01-29 21:04:36,-0.2479,35.7374,51.19,82,47,1.81,scattered clouds
72,Bluff,NZ,2022-01-29 21:03:51,-46.6,168.3333,58.39,88,100,6.85,overcast clouds
73,Margate,GB,2022-01-29 21:04:38,51.3813,1.3862,48.31,67,45,10.0,scattered clouds
74,Labuhan,ID,2022-01-29 21:04:39,-6.8844,112.2051,78.21,86,100,6.31,overcast clouds
75,Port Blair,IN,2022-01-29 21:04:40,11.6667,92.75,75.92,79,66,8.75,broken clouds
76,Yerbogachen,RU,2022-01-29 21:04:41,61.2767,108.0108,-21.59,100,85,3.29,overcast clouds
77,Georgetown,MY,2022-01-29 21:01:40,5.4112,100.3354,81.9,84,20,0.0,few clouds
78,Ostrovnoy,RU,2022-01-29 21:04:43,68.0531,39.5131,12.7,88,99,13.15,overcast clouds
79,Monzon,ES,2022-01-29 21:04:44,41.9108,0.1941,40.42,50,0,1.63,clear sky
80,Hithadhoo,MV,2022-01-29 21:04:45,-0.6,73.0833,80.87,67,89,3.11,overcast clouds
81,Pangnirtung,CA,2022-01-29 21:04:46,66.1451,-65.7125,-19.37,99,100,4.07,overcast clouds
82,Boa Vista,BR,2022-01-29 21:04:47,2.8197,-60.6733,89.58,43,40,10.36,scattered clouds
83,Sao Filipe,CV,2022-01-29 21:04:48,14.8961,-24.4956,71.11,71,100,13.0,overcast clouds
84,Manjacaze,MZ,2022-01-29 21:04:49,-24.7117,33.8828,72.72,85,100,4.09,overcast clouds
85,Sept-Iles,CA,2022-01-29 21:04:50,50.2001,-66.3821,5.05,63,100,5.99,overcast clouds
86,Vila Franca Do Campo,PT,2022-01-29 21:04:51,37.7167,-25.4333,59.2,74,58,8.97,broken clouds
87,Tasiilaq,GL,2022-01-29 21:04:51,65.6145,-37.6368,15.96,76,94,6.64,overcast clouds
88,Akyab,MM,2022-01-29 21:04:52,20.15,92.9,57.13,72,1,10.63,clear sky
89,Kitimat,CA,2022-01-29 21:04:54,54.0524,-128.6534,35.91,32,100,4.68,light rain
90,Kawalu,ID,2022-01-29 21:04:55,-7.3817,108.2082,72.84,96,100,1.48,overcast clouds
91,Padang,ID,2022-01-29 21:04:56,-0.9492,100.3543,76.53,90,66,3.65,light rain
92,East London,ZA,2022-01-29 21:02:33,-33.0153,27.9116,72.01,80,83,10.71,broken clouds
93,Pacific Grove,US,2022-01-29 21:04:20,36.6177,-121.9166,68.54,54,0,3.0,clear sky
94,Souillac,MU,2022-01-29 21:01:05,-20.5167,57.5167,79.36,74,100,12.35,overcast clouds
95,Kauhajoki,FI,2022-01-29 21:05:59,62.4333,22.1833,30.4,94,100,10.27,light snow
96,Sitka,US,2022-01-29 21:06:00,57.0531,-135.33,37.29,81,100,14.97,moderate rain
97,Abha,SA,2022-01-29 21:06:01,18.2164,42.5053,50.25,76,0,6.91,clear sky
98,Maryborough,AU,2022-01-29 21:06:02,-25.5333,152.7,75.11,78,51,8.28,broken clouds
99,Yebaishou,CN,2022-01-29 21:06:03,41.3975,119.6408,13.91,41,0,2.15,clear sky
100,Luderitz,NA,2022-01-29 21:06:03,-26.6481,15.1594,67.57,80,73,8.81,broken clouds
101,Baruun-Urt,MN,2022-01-29 21:06:04,46.6806,113.2792,-8.36,88,16,2.33,few clouds
102,Slavicin,CZ,2022-01-29 21:06:05,49.088,17.8735,37.9,90,100,11.52,overcast clouds
103,Tamboril,DO,2022-01-29 21:06:06,19.4854,-70.611,84.97,54,75,6.91,broken clouds
104,Haverfordwest,GB,2022-01-29 21:06:07,51.8017,-4.9691,46.54,83,77,9.4,broken clouds
105,Port Elizabeth,ZA,2022-01-29 21:06:08,-33.918,25.5701,67.1,83,0,8.7,clear sky
106,Tupik,RU,2022-01-29 21:06:09,54.4253,119.9327,-17.27,97,16,2.51,few clouds
107,Kruisfontein,ZA,2022-01-29 21:06:11,-34.0033,24.7314,64.89,90,0,4.68,clear sky
108,Juneau,US,2022-01-29 21:06:12,58.3019,-134.4197,41.22,89,100,0.0,moderate rain
109,Gamba,GA,2022-01-29 21:06:13,-2.65,10.0,77.47,88,90,4.61,overcast clouds
110,Port Alfred,ZA,2022-01-29 21:03:06,-33.5906,26.891,70.18,83,46,12.37,scattered clouds
111,Avarua,CK,2022-01-29 21:03:02,-21.2078,-159.775,82.45,78,20,9.22,few clouds
112,Kapaa,US,2022-01-29 21:06:15,22.0752,-159.319,80.58,72,20,1.99,few clouds
113,Darnah,LY,2022-01-29 21:06:16,32.767,22.6367,52.36,65,53,23.4,broken clouds
114,Cape Town,ZA,2022-01-29 21:06:17,-33.9258,18.4232,68.11,73,0,4.0,clear sky
115,Aklavik,CA,2022-01-29 21:06:18,68.2191,-135.0107,-19.21,90,91,4.94,overcast clouds
116,Port Lincoln,AU,2022-01-29 21:05:03,-34.7333,135.8667,65.14,88,32,12.95,scattered clouds
117,Ponta Do Sol,PT,2022-01-29 21:03:06,32.6667,-17.1,65.03,68,25,5.06,scattered clouds
118,Jalu,LY,2022-01-29 21:06:20,29.0331,21.5482,52.7,39,0,10.98,clear sky
119,Araouane,ML,2022-01-29 21:06:21,18.9048,-3.5265,71.91,13,93,12.59,overcast clouds
120,Saint George,US,2022-01-29 21:06:22,37.1041,-113.5841,58.53,14,0,3.0,clear sky
121,Vostochnyy,RU,2022-01-29 21:06:22,55.8167,37.8667,24.78,98,92,3.44,overcast clouds
122,Mogzon,RU,2022-01-29 21:06:23,51.7435,111.9606,-24.25,100,90,1.43,overcast clouds
123,Barrow,US,2022-01-29 21:06:24,71.2906,-156.7887,-7.58,77,100,11.5,overcast clouds
124,Sola,VU,2022-01-29 21:06:25,-13.8833,167.55,83.21,77,100,21.65,overcast clouds
125,Micheweni,TZ,2022-01-29 21:06:26,-4.9667,39.8333,79.38,78,100,6.6,overcast clouds
126,Kahului,US,2022-01-29 21:05:25,20.8947,-156.47,80.62,53,40,16.11,scattered clouds
127,Portland,US,2022-01-29 21:04:49,45.5234,-122.6762,51.57,55,20,1.99,few clouds
128,Los Llanos De Aridane,ES,2022-01-29 21:06:28,28.6585,-17.9182,58.75,74,9,5.99,clear sky
129,Champerico,GT,2022-01-29 21:06:29,14.3,-91.9167,90.77,63,3,12.73,clear sky
130,Klaksvik,FO,2022-01-29 21:06:30,62.2266,-6.589,34.72,63,60,28.54,broken clouds
131,Grand Gaube,MU,2022-01-29 21:06:31,-20.0064,57.6608,79.38,74,90,5.99,overcast clouds
132,Deputatskiy,RU,2022-01-29 21:06:31,69.3,139.9,-18.06,87,100,2.17,overcast clouds
133,Prince Rupert,CA,2022-01-29 21:03:25,54.3161,-130.3201,41.09,93,100,14.97,mist
134,Haines Junction,CA,2022-01-29 21:06:33,60.7522,-137.5108,12.07,93,99,3.91,light snow
135,Sumbe,AO,2022-01-29 21:06:34,-11.2061,13.8437,78.26,87,100,7.67,overcast clouds
136,Praia,CV,2022-01-29 21:06:35,14.9215,-23.5087,70.34,68,75,14.97,broken clouds
137,Muros,ES,2022-01-29 21:06:35,42.7762,-9.0603,57.7,78,14,5.1,few clouds
138,Isangel,VU,2022-01-29 21:06:36,-19.55,169.2667,80.17,88,100,15.5,heavy intensity rain
139,Shache,CN,2022-01-29 21:06:37,38.4167,77.2406,25.72,44,12,2.71,few clouds
140,Mahebourg,MU,2022-01-29 21:07:38,-20.4081,57.7,79.25,71,100,13.31,overcast clouds
141,Sao Joao Da Barra,BR,2022-01-29 21:07:39,-21.6403,-41.0511,77.09,89,54,9.98,broken clouds
142,Cabo San Lucas,MX,2022-01-29 21:05:53,22.8909,-109.9124,80.62,56,0,7.0,clear sky
143,Puerto Carreno,CO,2022-01-29 21:06:55,6.189,-67.4859,95.77,22,69,15.57,broken clouds
144,Mexicali,MX,2022-01-29 21:04:49,32.6519,-115.4683,70.09,18,97,4.59,overcast clouds
145,College,US,2022-01-29 21:07:42,64.8569,-147.8028,-12.33,73,40,3.44,scattered clouds
146,Hasaki,JP,2022-01-29 21:06:36,35.7333,140.8333,27.0,61,65,19.8,broken clouds
147,Airai,TL,2022-01-29 21:07:44,-8.9266,125.4092,60.71,92,100,3.29,light rain
148,Tam Ky,VN,2022-01-29 21:07:45,15.5667,108.4833,75.18,91,14,3.38,few clouds
149,Seymchan,RU,2022-01-29 21:07:45,62.8833,152.4333,-8.19,98,100,5.57,light snow
150,Fryanovo,RU,2022-01-29 21:07:46,56.1333,38.45,23.32,99,93,2.71,overcast clouds
151,Coihaique,CL,2022-01-29 21:07:47,-45.5752,-72.0662,59.61,72,100,6.91,light intensity shower rain
152,Dingle,PH,2022-01-29 21:07:48,10.9995,122.6711,74.53,91,9,1.7,clear sky
153,Treinta Y Tres,UY,2022-01-29 21:07:50,-33.2333,-54.3833,77.59,50,36,12.06,scattered clouds
154,Pingliang,CN,2022-01-29 21:07:52,35.5392,106.6861,11.21,84,32,6.06,scattered clouds
155,Saldanha,ZA,2022-01-29 21:07:53,-33.0117,17.9442,65.03,87,0,16.91,clear sky
156,Hay River,CA,2022-01-29 21:03:30,60.8156,-115.7999,3.88,90,100,6.6,overcast clouds
157,Buchanan,LR,2022-01-29 21:07:54,5.8808,-10.0467,78.76,83,97,6.38,overcast clouds
158,Zyryanka,RU,2022-01-29 21:07:55,65.75,150.85,-22.11,100,93,2.19,overcast clouds
159,La Libertad,EC,2022-01-29 21:07:56,-2.2333,-80.9,83.86,65,0,10.36,clear sky
160,Kirovskiy,RU,2022-01-29 21:07:57,45.0917,133.5136,-9.63,100,96,3.02,overcast clouds
161,Najran,SA,2022-01-29 21:07:58,17.4924,44.1277,61.09,38,36,2.37,scattered clouds
162,Oxbow,CA,2022-01-29 21:07:58,49.2333,-102.1676,18.64,84,77,7.27,broken clouds
163,Verkhnevilyuysk,RU,2022-01-29 21:07:59,63.4453,120.3167,-17.43,98,89,5.44,overcast clouds
164,Lucapa,AO,2022-01-29 21:08:00,-8.4192,20.7447,66.88,94,100,3.38,overcast clouds
165,Fortuna,US,2022-01-29 21:08:01,40.5982,-124.1573,56.93,75,0,7.0,clear sky
166,Kant,IN,2022-01-29 21:08:02,27.8,79.8,49.95,73,0,7.99,clear sky
167,Brandon,US,2022-01-29 21:06:39,27.9378,-82.2859,52.32,48,0,1.99,clear sky
168,Bereda,ES,2022-01-29 21:08:04,43.2686,-7.5406,46.92,100,100,2.26,overcast clouds
169,Novomykolayivka,UA,2022-01-29 21:08:05,47.9781,35.9102,32.25,92,92,11.52,overcast clouds
170,Natal,BR,2022-01-29 21:08:06,-5.795,-35.2094,79.45,83,0,6.91,clear sky
171,Liuzhou,CN,2022-01-29 21:08:06,24.3126,109.3892,39.02,80,4,9.84,clear sky
172,Necochea,AR,2022-01-29 21:07:55,-38.5473,-58.7368,90.03,40,1,18.07,clear sky
173,Kargopol,RU,2022-01-29 21:08:08,61.5071,38.9456,1.51,100,100,4.36,overcast clouds
174,Castro,BR,2022-01-29 21:08:09,-24.7911,-50.0119,60.17,99,100,6.11,overcast clouds
175,Rawson,AR,2022-01-29 21:08:10,-43.3002,-65.1023,83.1,32,62,7.85,broken clouds
176,Saint-Augustin,CA,2022-01-29 21:08:10,51.226,-58.6502,7.83,79,100,15.21,overcast clouds
177,Kaitangata,NZ,2022-01-29 21:08:11,-46.2817,169.8464,56.39,93,100,4.25,light rain
178,Kichera,RU,2022-01-29 21:08:12,55.9375,110.0997,-10.17,87,33,4.29,scattered clouds
179,Sotnikovo,RU,2022-01-29 21:08:13,51.8845,107.4791,-23.71,76,20,2.24,smoke
180,Nerchinskiy Zavod,RU,2022-01-29 21:08:14,51.3088,119.61,-22.41,100,45,2.35,scattered clouds
181,Hualmay,PE,2022-01-29 21:05:06,-11.0964,-77.6139,73.96,73,60,11.65,broken clouds
182,Codrington,AU,2022-01-29 21:08:15,-38.2667,141.9667,63.81,82,80,6.33,broken clouds
183,San Luis,AR,2022-01-29 21:08:16,-33.295,-66.3356,88.5,23,0,3.62,clear sky
184,Russell,US,2022-01-29 21:08:17,32.3502,-85.1999,44.06,22,0,12.66,clear sky
185,Benalla,AU,2022-01-29 21:09:18,-36.55,145.9833,68.58,83,100,5.95,overcast clouds
186,Usinsk,RU,2022-01-29 21:09:19,65.9939,57.5281,12.15,92,100,19.42,overcast clouds
187,Nouadhibou,MR,2022-01-29 21:09:20,20.931,-17.0347,63.66,78,100,20.65,overcast clouds
188,Sibut,CF,2022-01-29 21:09:21,5.718,19.0739,77.27,21,68,4.63,broken clouds
189,Gabu,GW,2022-01-29 21:09:23,12.2833,-14.2167,82.49,15,46,5.35,scattered clouds
190,Katsuura,JP,2022-01-29 21:09:23,35.1333,140.3,41.18,83,43,14.03,scattered clouds
191,Kavaratti,IN,2022-01-29 21:09:25,10.5669,72.642,80.51,74,75,6.06,broken clouds
192,Bonnyville,CA,2022-01-29 21:09:26,54.2668,-110.735,27.03,91,61,3.04,broken clouds
193,Guerrero Negro,MX,2022-01-29 21:09:27,27.9769,-114.0611,71.19,29,8,12.35,clear sky
194,Eureka,US,2022-01-29 21:09:28,40.8021,-124.1637,57.2,73,4,4.0,clear sky
195,Umm Lajj,SA,2022-01-29 21:09:29,25.0213,37.2685,63.07,49,0,12.21,clear sky
196,Diego De Almagro,CL,2022-01-29 21:09:30,-26.3667,-70.05,76.69,29,0,13.73,clear sky
197,Port Shepstone,ZA,2022-01-29 21:09:31,-30.7414,30.455,73.17,82,97,11.18,overcast clouds
198,Norman Wells,CA,2022-01-29 21:09:32,65.282,-126.8329,-18.67,98,36,2.86,scattered clouds
199,Tuatapere,NZ,2022-01-29 21:09:33,-46.1333,167.6833,57.9,93,100,5.01,moderate rain
200,Cayenne,GF,2022-01-29 21:09:33,4.9333,-52.3333,80.1,77,0,2.3,clear sky
201,Salalah,OM,2022-01-29 21:09:34,17.0151,54.0924,71.69,73,0,1.14,clear sky
202,San Quintin,MX,2022-01-29 21:09:35,30.4833,-115.95,66.65,34,5,8.43,clear sky
203,Laguna,US,2022-01-29 21:04:44,38.421,-121.4238,66.04,49,0,1.99,clear sky
204,Hami,CN,2022-01-29 21:09:11,42.8,93.45,20.19,45,0,4.68,clear sky
205,Kendari,ID,2022-01-29 21:09:37,-3.945,122.4989,75.15,91,100,2.53,overcast clouds
206,Upernavik,GL,2022-01-29 21:07:55,72.7868,-56.1549,1.8,93,100,8.5,overcast clouds
207,Dikson,RU,2022-01-29 21:09:39,73.5069,80.5464,3.61,93,99,21.88,overcast clouds
208,Tefe,BR,2022-01-29 21:09:40,-3.3542,-64.7114,82.51,74,20,10.36,few clouds
209,Lompoc,US,2022-01-29 21:09:41,34.6391,-120.4579,68.85,39,0,4.61,clear sky
210,Nalobikha,RU,2022-01-29 21:09:42,53.2006,84.6039,-4.0,94,86,4.65,overcast clouds
211,Kimbe,PG,2022-01-29 21:09:43,-5.5502,150.1429,77.22,91,100,2.21,light rain
212,Ryotsu,JP,2022-01-29 21:09:44,38.0833,138.4333,32.16,68,99,13.87,overcast clouds
213,Saint-Francois,FR,2022-01-29 21:09:44,46.4154,3.9054,39.67,98,100,4.61,overcast clouds
214,Roebourne,AU,2022-01-29 21:09:45,-20.7833,117.1333,82.58,58,89,13.42,overcast clouds
215,Turka,UA,2022-01-29 21:09:46,49.1541,23.0297,29.8,88,100,19.89,light snow
216,Mount Isa,AU,2022-01-29 21:09:47,-20.7333,139.5,74.97,100,75,6.91,broken clouds
217,Kutum,SD,2022-01-29 21:09:48,14.2,24.6667,55.18,17,21,10.51,few clouds
218,Mormugao,IN,2022-01-29 21:09:49,15.4,73.8,74.88,51,2,7.23,clear sky
219,Boli,CN,2022-01-29 21:09:50,45.7667,130.5167,5.92,89,98,9.35,overcast clouds
220,Nabire,ID,2022-01-29 21:07:53,-3.3667,135.4833,74.66,90,99,3.29,overcast clouds
221,Longyearbyen,SJ,2022-01-29 21:09:51,78.2186,15.6401,8.44,66,0,14.97,clear sky
222,Jeremie,HT,2022-01-29 21:09:52,18.65,-74.1167,78.75,75,29,6.15,scattered clouds
223,Blagoveshchensk,RU,2022-01-29 21:09:53,50.2667,127.5333,0.21,65,20,6.71,few clouds
224,Trencin,SK,2022-01-29 21:09:54,48.8333,18.25,35.62,91,100,6.06,overcast clouds
225,Husavik,IS,2022-01-29 21:09:55,66.0449,-17.3389,20.34,77,32,19.26,scattered clouds
226,Valparaiso,CL,2022-01-29 21:09:22,-33.0393,-71.6273,75.43,56,20,13.8,few clouds
227,Maniitsoq,GL,2022-01-29 21:09:56,65.4167,-52.9,8.65,76,100,28.45,light snow
228,Moba,CN,2022-01-29 21:09:57,33.2288,105.0179,26.55,89,100,2.37,overcast clouds
229,Tateyama,JP,2022-01-29 21:09:58,34.9833,139.8667,41.09,81,69,14.12,broken clouds
230,Mayo,US,2022-01-29 21:08:35,38.8876,-76.5119,27.64,42,20,11.99,few clouds
231,Baoning,CN,2022-01-29 21:11:00,25.3378,110.026,35.11,93,17,3.31,few clouds
232,Cherskiy,RU,2022-01-29 21:07:41,68.75,161.3,-29.11,100,43,1.95,scattered clouds
233,Kavieng,PG,2022-01-29 21:11:02,-2.5744,150.7967,82.18,75,100,7.36,light rain
234,Bambous Virieux,MU,2022-01-29 21:10:17,-20.3428,57.7575,79.21,70,99,13.65,overcast clouds
235,Saint-Philippe,RE,2022-01-29 21:11:04,-21.3585,55.7679,76.59,85,55,9.06,light rain
236,Dickinson,US,2022-01-29 21:11:04,29.4608,-95.0513,65.21,37,0,5.01,clear sky
237,Constitucion,CL,2022-01-29 21:11:05,-35.3333,-72.4167,65.12,74,51,10.33,broken clouds
238,Ahipara,NZ,2022-01-29 21:11:06,-35.1667,173.1667,68.52,63,65,8.95,broken clouds
239,Kasama,ZM,2022-01-29 21:11:07,-10.2129,31.1808,61.93,95,76,3.36,light rain
240,Alofi,NU,2022-01-29 21:09:03,-19.0595,-169.9187,81.55,70,79,8.99,broken clouds
241,Dire Dawa,ET,2022-01-29 21:11:08,9.5931,41.8661,64.99,53,15,0.83,few clouds
242,Campoverde,PE,2022-01-29 21:11:09,-8.4753,-74.8058,85.69,45,100,3.91,overcast clouds
243,Mahibadhoo,MV,2022-01-29 21:11:10,3.7833,72.9667,81.55,69,8,9.86,clear sky
244,Dalkola,IN,2022-01-29 21:11:11,25.85,87.85,53.42,54,0,6.51,clear sky
245,Inuvik,CA,2022-01-29 21:10:23,68.3499,-133.7218,-21.6,95,92,4.83,overcast clouds
246,Bonavista,CA,2022-01-29 21:11:13,48.6499,-53.1147,34.12,87,100,22.75,overcast clouds
247,Banes,CU,2022-01-29 21:11:14,20.9625,-75.7186,81.21,61,29,13.58,scattered clouds
248,Ures,MX,2022-01-29 21:11:15,29.4333,-110.4,78.85,20,2,2.86,clear sky
249,Verkhovazhye,RU,2022-01-29 21:11:16,60.7472,42.0465,5.31,99,85,4.14,overcast clouds
250,San Ramon,US,2022-01-29 21:11:06,37.7799,-121.978,64.63,50,0,3.0,clear sky
251,North Branch,US,2022-01-29 21:06:57,45.5113,-92.9802,28.98,65,100,5.26,overcast clouds
252,Kedrovyy,RU,2022-01-29 21:11:18,56.1667,91.8167,-12.14,98,44,3.71,scattered clouds
253,Vao,NC,2022-01-29 21:11:19,-22.6667,167.4833,78.66,87,95,11.79,overcast clouds
254,Zarubino,RU,2022-01-29 21:11:20,42.63,131.0922,15.26,62,2,14.54,clear sky
255,Kingsland,US,2022-01-29 21:11:21,30.8,-81.6898,48.88,40,1,10.89,clear sky
256,Ust-Kan,RU,2022-01-29 21:11:22,50.9276,84.761,-2.76,81,11,4.27,few clouds
257,Prado,BR,2022-01-29 21:11:23,-17.3411,-39.2208,79.16,82,0,11.72,clear sky
258,Nizhnevartovsk,RU,2022-01-29 21:11:24,60.9344,76.5531,-1.98,84,0,4.47,clear sky
259,Beringovskiy,RU,2022-01-29 21:11:25,63.05,179.3167,-11.65,100,97,3.38,overcast clouds
260,Gualaceo,EC,2022-01-29 21:11:26,-2.9,-78.7833,65.61,79,100,5.28,light rain
261,Tuktoyaktuk,CA,2022-01-29 21:09:40,69.4541,-133.0374,-8.73,95,100,16.89,overcast clouds
262,Tianpeng,CN,2022-01-29 21:11:27,30.9866,103.9393,39.78,84,100,1.3,overcast clouds
263,Alenquer,BR,2022-01-29 21:11:28,-1.9417,-54.7383,77.34,97,100,5.55,moderate rain
264,Wenling,CN,2022-01-29 21:11:29,28.3669,121.36,39.9,94,100,13.33,light rain
265,Pemberton,CA,2022-01-29 21:11:30,50.3164,-122.8027,42.03,93,99,3.38,overcast clouds
266,Merauke,ID,2022-01-29 21:11:31,-8.4667,140.3333,80.78,76,100,9.46,overcast clouds
267,Westport,US,2022-01-29 21:09:38,41.1415,-73.3579,19.74,69,100,7.0,overcast clouds
268,Garden City,US,2022-01-29 21:11:33,42.3256,-83.331,22.21,61,75,1.99,broken clouds
269,Henties Bay,NA,2022-01-29 21:11:34,-22.116,14.2845,63.86,82,46,5.84,scattered clouds
270,Peniche,PT,2022-01-29 21:11:35,39.3558,-9.3811,58.73,50,6,9.42,clear sky
271,Egvekinot,RU,2022-01-29 21:11:36,66.3167,-179.1667,-6.32,65,12,2.59,few clouds
272,Vilhena,BR,2022-01-29 21:11:37,-12.7406,-60.1458,70.09,98,100,2.68,light rain
273,Nynashamn,SE,2022-01-29 21:11:37,58.9034,17.9479,43.02,85,100,17.49,overcast clouds
274,Lucea,JM,2022-01-29 21:11:38,18.451,-78.1736,77.86,71,7,13.24,clear sky
275,Rafsanjan,IR,2022-01-29 21:11:39,30.4067,55.9939,52.25,37,55,11.1,broken clouds
276,Derzhavinsk,KZ,2022-01-29 21:11:40,51.1,66.3167,16.7,93,100,13.53,overcast clouds
277,Nelson Bay,AU,2022-01-29 21:12:41,-32.7167,152.15,76.1,79,91,1.01,overcast clouds
278,Tabas,IR,2022-01-29 21:12:42,33.5959,56.9244,46.47,27,1,2.8,clear sky
279,Karaton,ID,2022-01-29 21:12:44,-6.3424,106.1045,77.95,92,88,2.42,overcast clouds
280,Znamenskoye,RU,2022-01-29 21:12:45,57.1281,73.8282,4.71,91,100,6.04,overcast clouds
281,Bretten,DE,2022-01-29 21:12:46,49.0392,8.7028,45.64,89,100,17.81,overcast clouds
282,Yeniseysk,RU,2022-01-29 21:12:46,58.4497,92.1703,1.54,99,100,2.48,overcast clouds
283,Zaragoza,ES,2022-01-29 21:12:47,41.6561,-0.8773,46.02,52,0,1.99,clear sky
284,Conde,BR,2022-01-29 21:12:48,-7.2597,-34.9075,78.26,89,75,8.05,broken clouds
285,Avera,US,2022-01-29 21:12:49,33.194,-82.5271,43.92,22,0,13.87,clear sky
286,Tessalit,ML,2022-01-29 21:12:50,20.1986,1.0114,69.21,14,72,12.71,broken clouds
287,Namagiripettai,IN,2022-01-29 21:12:51,11.4667,78.2667,73.0,81,100,3.8,overcast clouds
288,Rodrigues Alves,BR,2022-01-29 21:12:52,-7.738,-72.6509,81.27,88,92,3.04,overcast clouds
289,Chase,CA,2022-01-29 21:12:53,50.8165,-119.6857,33.13,92,100,4.21,overcast clouds
290,Entre Rios,BR,2022-01-29 21:12:54,-11.9419,-38.0844,73.69,89,98,5.23,overcast clouds
291,Taoudenni,ML,2022-01-29 21:12:55,22.6783,-3.9836,74.34,11,100,12.26,overcast clouds
292,Flinders,AU,2022-01-29 21:12:56,-34.5833,150.8552,75.06,85,100,5.01,overcast clouds
293,Namatanai,PG,2022-01-29 21:12:57,-3.6667,152.4333,80.28,80,100,2.04,overcast clouds
294,Carnarvon,AU,2022-01-29 21:12:58,-24.8667,113.6333,77.07,88,84,10.36,broken clouds
295,Silifke,TR,2022-01-29 21:12:59,36.3778,33.9344,46.29,67,100,10.45,overcast clouds
296,Jacareacanga,BR,2022-01-29 21:13:00,-6.2222,-57.7528,73.54,97,100,2.28,overcast clouds
297,Arlit,NE,2022-01-29 21:13:01,18.7369,7.3853,64.17,14,1,7.85,clear sky
298,Charters Towers,AU,2022-01-29 21:13:02,-20.1,146.2667,72.81,83,0,7.09,clear sky
299,Sabalgarh,IN,2022-01-29 21:13:03,26.25,77.4,55.72,43,0,3.87,clear sky
300,Kangaatsiaq,GL,2022-01-29 21:13:04,68.3065,-53.4641,6.6,95,100,8.57,snow
301,Namie,JP,2022-01-29 21:13:05,37.4833,141.0,34.97,58,64,15.41,broken clouds
302,Soavinandriana,MG,2022-01-29 21:13:06,-19.1667,46.7333,60.85,87,79,3.11,broken clouds
303,Marzuq,YE,2022-01-29 21:13:06,14.4,46.4667,61.54,78,10,4.23,clear sky
304,Cairns,AU,2022-01-29 21:08:38,-16.9167,145.7667,75.15,94,75,9.22,broken clouds
305,Gizo,SB,2022-01-29 21:13:08,-8.103,156.8419,82.38,77,100,7.34,light rain
306,Mombetsu,JP,2022-01-29 21:13:09,44.3525,143.3525,15.85,86,99,7.47,light snow
307,Teberda,RU,2022-01-29 21:13:10,43.4456,41.7448,18.14,87,63,10.47,light snow
308,Ippy,CF,2022-01-29 21:13:11,6.2679,21.2247,77.2,21,42,5.44,scattered clouds
309,Arman,RU,2022-01-29 21:13:11,59.7,150.1667,7.41,82,100,13.8,overcast clouds
310,Saurimo,AO,2022-01-29 21:13:12,-9.6608,20.3916,65.12,94,100,3.91,overcast clouds
311,Burns Lake,CA,2022-01-29 21:13:13,54.2331,-125.7533,33.13,86,100,4.72,overcast clouds
312,Inhambane,MZ,2022-01-29 21:13:14,-23.865,35.3833,75.76,76,84,8.93,broken clouds
313,Roald,NO,2022-01-29 21:09:22,62.5833,6.1333,41.0,93,75,26.46,broken clouds
314,Goderich,CA,2022-01-29 21:13:16,43.7501,-81.7165,17.91,79,89,6.67,overcast clouds
315,Adrar,MR,2022-01-29 21:13:17,20.5022,-10.0711,78.67,11,100,10.65,overcast clouds
316,Xam Nua,LA,2022-01-29 21:13:17,20.4197,104.0439,56.75,94,79,3.31,broken clouds
317,Den Helder,NL,2022-01-29 21:13:18,52.9599,4.7593,48.18,74,75,21.0,broken clouds
318,Stornoway,GB,2022-01-29 21:13:19,58.2093,-6.3865,41.04,81,75,3.0,broken clouds
319,Isa Khel,AF,2022-01-29 21:13:20,36.6702,68.8443,42.51,76,95,1.36,overcast clouds
320,Luangwa,ZM,2022-01-29 21:13:21,-15.6167,30.4167,73.8,95,98,2.51,light rain
321,Oranjemund,NA,2022-01-29 21:13:22,-28.55,16.4333,65.75,85,79,12.86,broken clouds
322,Kasganj,IN,2022-01-29 21:14:23,27.8167,78.65,50.07,70,0,7.78,clear sky
323,Kodiak,US,2022-01-29 21:14:24,57.79,-152.4072,35.11,55,0,24.16,clear sky
324,Hays,US,2022-01-29 21:14:25,30.0502,-98.0336,67.42,26,46,3.0,scattered clouds
325,Rudbar,AF,2022-01-29 21:14:26,30.15,62.6,55.22,30,95,3.22,overcast clouds
326,Cidreira,BR,2022-01-29 21:11:14,-30.1811,-50.2056,73.67,58,56,12.64,broken clouds
327,Ilulissat,GL,2022-01-29 21:10:47,69.2167,-51.1,12.22,57,100,16.11,overcast clouds
328,Kozhva,RU,2022-01-29 21:14:29,65.1073,57.0459,13.1,91,100,11.52,overcast clouds
329,Geraldton,AU,2022-01-29 21:14:30,-28.7667,114.6,68.41,94,0,6.91,clear sky
330,Floro,NO,2022-01-29 21:14:30,61.5996,5.0328,40.96,75,75,48.34,broken clouds
331,Nueve De Julio,AR,2022-01-29 21:14:32,-35.4444,-60.8831,83.71,51,47,5.64,scattered clouds
332,Mastic Beach,US,2022-01-29 21:14:33,40.7668,-72.8521,18.99,89,100,7.0,haze
333,Lososina,RU,2022-01-29 21:14:34,48.9975,140.3106,-5.3,76,15,7.29,few clouds
334,Talcahuano,CL,2022-01-29 21:14:35,-36.7167,-73.1167,64.08,68,100,10.36,overcast clouds
335,Adwa,ET,2022-01-29 21:14:36,14.1646,38.8955,60.39,62,20,3.0,few clouds
336,Magalia,US,2022-01-29 21:14:37,39.8121,-121.5783,58.12,40,10,1.99,clear sky
337,Khatanga,RU,2022-01-29 21:14:38,71.9667,102.5,-4.34,99,100,5.53,overcast clouds
338,Ambilobe,MG,2022-01-29 21:14:39,-13.2,49.05,74.1,95,65,1.5,light rain
339,Tuy Hoa,VN,2022-01-29 21:14:40,13.0833,109.3,70.32,93,77,4.14,broken clouds
340,Fairbanks,US,2022-01-29 21:10:44,64.8378,-147.7164,-13.99,73,0,0.0,clear sky
341,San Juan Del Sur,NI,2022-01-29 21:14:41,11.2529,-85.8705,84.87,56,1,23.17,clear sky
342,Meadow Lake,US,2022-01-29 21:14:42,34.8014,-106.5436,54.37,26,70,3.89,broken clouds
343,Kirakira,SB,2022-01-29 21:14:43,-10.4544,161.9205,81.48,84,100,8.28,overcast clouds
344,Inta,RU,2022-01-29 21:14:44,66.0317,60.1659,10.04,87,100,7.99,overcast clouds
345,Port Moresby,PG,2022-01-29 21:14:45,-9.4431,147.1797,74.62,94,75,6.91,shower rain
346,Paratinga,BR,2022-01-29 21:14:45,-12.6906,-43.1842,74.7,86,88,4.56,moderate rain
347,Liverpool,GB,2022-01-29 21:13:29,53.4106,-2.9779,46.69,80,75,7.0,broken clouds
348,Chimbote,PE,2022-01-29 21:14:47,-9.0853,-78.5783,74.43,71,100,11.03,overcast clouds
349,Torbay,CA,2022-01-29 21:14:48,47.6666,-52.7314,33.58,92,100,21.85,overcast clouds
350,Port Augusta,AU,2022-01-29 21:14:49,-32.5,137.7667,72.72,53,73,8.03,broken clouds
351,Korfovskiy,RU,2022-01-29 21:14:50,48.2183,135.0564,-20.74,100,85,4.7,overcast clouds
352,San Cristobal,VE,2022-01-29 21:14:51,7.7669,-72.225,78.98,43,9,7.54,clear sky
353,San Roque,ES,2022-01-29 21:14:52,36.2107,-5.3842,58.03,67,2,28.77,clear sky
354,Esperance,AU,2022-01-29 21:14:55,-33.8667,121.9,64.85,79,0,12.26,clear sky
355,Havelock,US,2022-01-29 21:11:44,34.8791,-76.9013,39.18,52,40,14.0,scattered clouds
356,Gazojak,TM,2022-01-29 21:14:56,41.1875,61.4036,31.12,66,4,7.54,clear sky
357,Severo-Kurilsk,RU,2022-01-29 21:14:57,50.6789,156.125,23.59,77,90,18.97,overcast clouds
358,Victoria Point,AU,2022-01-29 21:14:58,-27.5833,153.3,76.51,89,53,1.99,broken clouds
359,Torbat-E Jam,IR,2022-01-29 21:14:59,35.244,60.6225,37.65,69,2,1.92,clear sky
360,Sao Mateus,BR,2022-01-29 21:15:00,-18.7161,-39.8589,79.27,81,85,10.36,overcast clouds
361,Luanda,AO,2022-01-29 21:15:02,-8.8368,13.2343,78.58,85,100,7.45,overcast clouds
362,Marsa Matruh,EG,2022-01-29 21:11:39,31.3525,27.2453,54.52,62,15,14.18,few clouds
363,Alyangula,AU,2022-01-29 21:15:03,-13.8483,136.4192,82.31,78,100,17.52,light rain
364,Olafsvik,IS,2022-01-29 21:15:04,64.8945,-23.7142,38.62,67,100,29.35,overcast clouds
365,Da Nang,VN,2022-01-29 21:15:05,16.0678,108.2208,75.18,88,75,2.3,broken clouds
366,Napkor,HU,2022-01-29 21:15:06,47.938,21.8676,32.77,98,100,19.26,light snow
367,Atar,MR,2022-01-29 21:16:07,20.5169,-13.0499,76.19,20,100,3.2,overcast clouds
368,Payson,US,2022-01-29 21:13:25,40.0444,-111.7321,45.01,40,0,5.75,clear sky
369,Onega,RU,2022-01-29 21:16:09,63.9061,38.1404,11.39,92,100,9.66,overcast clouds
370,Moussoro,TD,2022-01-29 21:16:10,13.6408,16.4901,65.43,12,2,14.9,clear sky
371,Langsa,ID,2022-01-29 21:11:58,4.4683,97.9683,73.6,96,46,3.09,scattered clouds
372,Penzance,GB,2022-01-29 21:16:11,50.1186,-5.5371,48.88,83,98,11.3,overcast clouds
373,Thompson,CA,2022-01-29 21:13:50,55.7435,-97.8558,-0.15,84,94,3.78,overcast clouds
374,Saint Anthony,US,2022-01-29 21:16:13,45.0205,-93.218,28.81,61,0,4.0,clear sky
375,Lakhipur,IN,2022-01-29 21:16:14,26.0299,90.3041,53.82,58,0,3.89,clear sky
376,Mercedes,AR,2022-01-29 21:16:16,-34.6515,-59.4307,84.18,36,86,6.35,overcast clouds
377,Santa Rosa,PH,2022-01-29 21:16:17,14.3122,121.1114,80.11,90,3,2.39,clear sky
378,Emerald,AU,2022-01-29 21:16:18,-23.5333,148.1667,75.34,67,25,5.88,scattered clouds
379,Sibu,MY,2022-01-29 21:16:18,2.3,111.8167,75.51,100,20,0.0,few clouds
380,Shubarshi,KZ,2022-01-29 21:15:36,48.5872,57.1869,15.62,95,95,9.22,overcast clouds
381,Iisalmi,FI,2022-01-29 21:16:20,63.5592,27.1907,24.82,94,100,11.54,light snow
382,Bani,DO,2022-01-29 21:16:21,18.2833,-70.3333,85.44,57,4,7.38,clear sky
383,Caravelas,BR,2022-01-29 21:11:54,-17.7125,-39.2481,79.68,80,0,10.56,clear sky
384,Ahuimanu,US,2022-01-29 21:16:22,21.4447,-157.8378,80.31,59,0,5.99,clear sky
385,Ulladulla,AU,2022-01-29 21:16:23,-35.35,150.4667,74.88,92,98,1.88,overcast clouds
386,Jacmel,HT,2022-01-29 21:16:24,18.2342,-72.5347,84.04,71,85,4.27,overcast clouds
387,Udachnyy,RU,2022-01-29 21:16:25,66.4167,112.4,-23.91,100,34,3.11,scattered clouds
388,Wewak,PG,2022-01-29 21:16:26,-3.5534,143.6268,77.09,87,100,5.91,overcast clouds
389,Komatipoort,ZA,2022-01-29 21:16:27,-25.4332,31.9548,75.06,90,100,7.67,overcast clouds
390,Ozark,US,2022-01-29 21:15:58,37.0209,-93.206,56.57,29,0,12.8,clear sky
391,Rondonopolis,BR,2022-01-29 21:14:23,-16.4708,-54.6356,76.1,92,100,1.48,overcast clouds
392,Tazovskiy,RU,2022-01-29 21:16:29,67.4667,78.7,-13.79,99,97,6.67,overcast clouds
393,Kailua,US,2022-01-29 21:13:43,21.4022,-157.7394,80.58,61,0,11.5,clear sky
394,Dicabisagan,PH,2022-01-29 21:16:31,17.0818,122.4157,75.96,88,11,3.11,few clouds
395,Vanavara,RU,2022-01-29 21:16:31,60.34,102.2797,-6.39,99,100,2.89,overcast clouds
396,Marsh Harbour,BS,2022-01-29 21:14:43,26.5412,-77.0636,59.67,60,19,28.05,few clouds
397,Svetlaya,RU,2022-01-29 21:16:33,46.5389,138.3297,-3.44,81,2,9.62,clear sky
398,San Jose,US,2022-01-29 21:15:20,37.3394,-121.895,66.92,45,40,0.0,scattered clouds
399,Tanda,IN,2022-01-29 21:16:34,26.55,82.65,48.65,71,0,7.56,clear sky
400,Marystown,CA,2022-01-29 21:16:35,47.1666,-55.1483,36.86,100,100,14.0,overcast clouds
401,Sembakung,ID,2022-01-29 21:16:36,3.8167,117.25,76.93,97,96,0.67,overcast clouds
402,Ambon,ID,2022-01-29 21:11:50,-3.6954,128.1814,80.74,78,40,10.36,scattered clouds
403,Voyvozh,RU,2022-01-29 21:16:38,62.892,54.9635,11.08,95,100,7.54,overcast clouds
404,Kaspiysk,RU,2022-01-29 21:16:39,42.8816,47.6392,30.38,86,47,8.95,scattered clouds
405,Rio Gallegos,AR,2022-01-29 21:16:39,-51.6226,-69.2181,48.25,93,100,20.71,light rain
406,Pisco,PE,2022-01-29 21:16:40,-13.7,-76.2167,73.45,68,20,14.97,few clouds
407,Shingu,JP,2022-01-29 21:16:41,33.7333,135.9833,37.89,71,96,6.35,overcast clouds
408,Birin,NP,2022-01-29 21:16:42,26.8865,88.0718,40.06,78,24,3.18,few clouds
409,Lac Du Bonnet,CA,2022-01-29 21:16:43,50.2536,-96.0612,14.45,90,100,9.4,overcast clouds
410,Grenfell,AU,2022-01-29 21:16:44,-33.9,148.1667,72.5,74,1,4.68,clear sky
411,Kamaishi,JP,2022-01-29 21:16:45,39.2667,141.8833,26.17,58,18,12.08,few clouds
412,Hamilton,US,2022-01-29 21:15:36,39.1834,-84.5333,26.31,58,40,3.0,scattered clouds
413,Payo,ID,2022-01-29 21:16:46,-3.7508,103.6372,72.61,97,100,0.56,overcast clouds
414,Danville,US,2022-01-29 21:14:56,36.586,-79.395,33.26,32,0,19.57,clear sky
415,Salta,AR,2022-01-29 21:16:48,-24.7859,-65.4117,77.29,57,75,1.99,broken clouds
416,Nikolskoye,RU,2022-01-29 21:16:49,59.7035,30.7861,27.72,85,100,14.97,light snow
417,Yar-Sale,RU,2022-01-29 21:17:49,66.8333,70.8333,-9.54,97,93,8.77,overcast clouds
418,Invermere,CA,2022-01-29 21:17:50,50.5167,-116.0354,26.42,72,100,4.92,overcast clouds
419,Vestmannaeyjar,IS,2022-01-29 21:17:51,63.4427,-20.2734,40.37,67,100,18.05,overcast clouds
420,Talitsy,RU,2022-01-29 21:17:52,56.5289,42.3344,8.13,100,91,2.75,overcast clouds
421,Jinchang,CN,2022-01-29 21:13:14,38.4953,102.1739,17.24,58,26,11.12,scattered clouds
422,Asyut,EG,2022-01-29 21:17:53,27.181,31.1837,50.52,48,0,7.11,clear sky
423,Manuk Mangkaw,PH,2022-01-29 21:17:54,4.8,119.85,81.09,72,94,4.65,overcast clouds
424,Ixtapa,MX,2022-01-29 21:17:55,20.7,-105.2,78.03,61,0,8.05,clear sky
425,Takoradi,GH,2022-01-29 21:17:56,4.8845,-1.7554,80.04,85,12,5.86,few clouds
426,Caborca,MX,2022-01-29 21:17:57,30.5838,-111.101,70.21,19,0,1.39,clear sky
427,Ust-Kuyga,RU,2022-01-29 21:16:07,70.0167,135.6,-34.78,100,99,5.91,overcast clouds
428,Zurrieq,MT,2022-01-29 21:17:58,35.8311,14.4742,49.96,46,0,13.8,clear sky
429,Bulgan,MN,2022-01-29 21:17:59,48.8125,103.5347,-7.2,94,93,4.59,overcast clouds
430,Capreol,CA,2022-01-29 21:18:00,46.706,-80.9225,12.54,52,75,1.01,broken clouds
431,Lodja,CD,2022-01-29 21:18:01,-3.4833,23.4333,73.02,74,76,0.67,broken clouds
432,Boa Esperanca,BR,2022-01-29 21:18:02,-21.09,-45.5658,72.07,86,78,4.54,broken clouds
433,Aksu,CN,2022-01-29 21:18:03,41.1231,80.2644,26.38,46,100,3.89,overcast clouds
434,Parakou,BJ,2022-01-29 21:18:04,9.3372,2.6303,77.7,18,33,6.06,scattered clouds
435,Morden,CA,2022-01-29 21:14:04,49.1919,-98.1014,19.78,90,100,14.38,overcast clouds
436,Tura,IN,2022-01-29 21:18:05,25.5198,90.2201,50.61,59,0,2.48,clear sky
437,Bethel,US,2022-01-29 21:15:40,41.3712,-73.414,18.48,62,100,5.01,light snow
438,Narsaq,GL,2022-01-29 21:18:07,60.9167,-46.05,14.22,96,100,2.48,light snow
439,Lazaro Cardenas,MX,2022-01-29 21:18:08,17.9583,-102.2,83.53,58,0,9.26,clear sky
440,Libreville,GA,2022-01-29 21:18:09,0.3925,9.4537,80.56,81,100,7.72,overcast clouds
441,Boyolangu,ID,2022-01-29 21:18:10,-8.1181,111.8935,76.33,91,100,1.66,overcast clouds
442,Coos Bay,US,2022-01-29 21:16:05,43.3665,-124.2179,58.23,83,0,6.91,clear sky
443,Ylojarvi,FI,2022-01-29 21:18:12,61.5563,23.5961,30.11,96,100,14.97,snow
444,Hobyo,SO,2022-01-29 21:18:13,5.3505,48.5268,76.84,78,17,23.15,few clouds
445,Tari,NG,2022-01-29 21:18:14,12.4086,4.4914,71.53,15,2,10.36,clear sky
446,Nemuro,JP,2022-01-29 21:18:14,43.3236,145.575,17.29,76,57,17.16,broken clouds
447,Puro,PH,2022-01-29 21:18:15,12.4841,123.3827,77.63,83,65,3.02,broken clouds
448,Meiningen,DE,2022-01-29 21:18:16,50.5679,10.4152,46.31,86,100,18.39,overcast clouds
449,Mahanje,TZ,2022-01-29 21:18:17,-9.9333,35.3333,63.23,98,100,1.95,overcast clouds
450,Tenenkou,ML,2022-01-29 21:18:18,14.4572,-4.9169,77.61,12,3,11.21,clear sky
451,Luena,AO,2022-01-29 21:18:19,-11.7833,19.9167,62.67,95,100,3.18,overcast clouds
452,Pemangkat,ID,2022-01-29 21:16:13,1.1667,108.9667,76.46,88,100,3.42,overcast clouds
453,Naze,JP,2022-01-29 21:13:25,28.3667,129.4833,56.79,78,100,13.96,overcast clouds
454,Ponta Delgada,PT,2022-01-29 21:18:21,37.7333,-25.6667,59.5,77,20,8.05,few clouds
455,Namtsy,RU,2022-01-29 21:14:26,62.7161,129.6658,-30.89,100,75,1.74,broken clouds
456,Staraya Kulatka,RU,2022-01-29 21:18:23,52.7167,47.6167,16.5,97,100,3.53,overcast clouds
457,Vardo,NO,2022-01-29 21:18:24,70.3705,31.1107,21.31,78,93,0.96,overcast clouds
458,Martapura,ID,2022-01-29 21:18:25,-3.4167,114.85,75.29,100,95,2.3,overcast clouds
459,Porto Velho,BR,2022-01-29 21:16:24,-8.7619,-63.9039,82.45,74,40,4.61,scattered clouds
460,Bandundu,CD,2022-01-29 21:18:27,-3.3167,17.3667,76.46,55,98,3.02,overcast clouds
461,Hun,LY,2022-01-29 21:18:28,29.1268,15.9477,49.23,31,0,7.94,clear sky
462,Port Macquarie,AU,2022-01-29 21:18:29,-31.4333,152.9167,72.9,78,99,2.46,overcast clouds
463,Sokoni,TZ,2022-01-29 21:18:30,-6.4333,39.55,80.62,74,98,9.6,overcast clouds
464,Imatra,FI,2022-01-29 21:19:31,61.1719,28.7524,24.13,89,100,10.0,light snow
465,Nipawin,CA,2022-01-29 21:16:02,53.3668,-104.0009,10.44,85,100,9.22,overcast clouds
466,Nova Praha,UA,2022-01-29 21:19:33,48.5682,32.9027,23.97,94,29,8.99,scattered clouds
467,Bengkulu,ID,2022-01-29 21:19:34,-3.8004,102.2655,75.88,91,100,4.25,heavy intensity rain
468,Mackay,AU,2022-01-29 21:19:35,-21.15,149.2,76.68,79,23,12.44,few clouds
469,Barraute,CA,2022-01-29 21:19:36,48.4335,-77.6328,12.18,82,29,1.72,scattered clouds
470,Bairnsdale,AU,2022-01-29 21:19:37,-37.8333,147.6167,67.46,98,100,1.99,light rain
471,Bilma,NE,2022-01-29 21:18:45,18.6853,12.9164,61.03,18,1,10.92,clear sky
472,Smyrna,US,2022-01-29 21:19:38,33.884,-84.5144,39.47,27,0,1.99,clear sky
473,Lubaczow,PL,2022-01-29 21:19:39,50.157,23.1234,33.28,96,100,19.64,light snow
474,Xining,CN,2022-01-29 21:17:23,36.6167,101.7667,10.31,61,13,1.81,few clouds
475,San Pedro De Macoris,DO,2022-01-29 21:19:41,18.4616,-69.2972,84.33,54,0,8.12,clear sky
476,Mindelo,CV,2022-01-29 21:19:42,16.8901,-24.9804,69.35,60,75,21.85,broken clouds
477,Passy,FR,2022-01-29 21:19:43,45.9203,6.6877,34.63,90,3,4.94,clear sky
478,Nur,PL,2022-01-29 21:19:43,52.6683,22.3221,40.78,96,100,24.02,overcast clouds
479,Nanakuli,US,2022-01-29 21:19:44,21.3906,-158.1547,80.55,57,0,12.66,clear sky
480,Anqing,CN,2022-01-29 21:19:45,30.5092,117.0506,33.82,94,100,5.48,overcast clouds
481,Svetlyy,RU,2022-01-29 21:19:46,54.675,20.1347,42.85,86,100,31.7,overcast clouds
482,Nanyang,CN,2022-01-29 21:19:47,32.9947,112.5328,29.48,90,8,2.33,clear sky
483,Mattru,SL,2022-01-29 21:19:48,7.6244,-11.8332,77.63,78,100,4.03,overcast clouds
484,Oranjestad,AW,2022-01-29 21:19:48,12.524,-70.027,78.35,77,6,11.39,clear sky
485,Komsomolskiy,UZ,2022-01-29 21:19:49,40.4272,71.7189,34.52,86,75,0.0,fog
486,Faanui,PF,2022-01-29 21:15:37,-16.4833,-151.75,80.04,74,18,11.59,light rain
487,Abu Zabad,SD,2022-01-29 21:19:51,12.35,29.25,62.8,15,62,12.55,broken clouds
488,Provost,CA,2022-01-29 21:19:52,52.3501,-110.2683,36.82,89,34,3.33,scattered clouds
489,Maua,BR,2022-01-29 21:19:53,-23.6678,-46.4614,69.6,93,100,2.55,overcast clouds
490,Honningsvag,NO,2022-01-29 21:19:53,70.9821,25.9704,18.93,67,85,10.71,light snow
491,Malartic,CA,2022-01-29 21:19:54,48.1335,-78.1328,12.02,62,49,2.55,scattered clouds
492,Copparo,IT,2022-01-29 21:19:55,44.893,11.8249,40.95,86,100,5.1,overcast clouds
493,Victoria,HK,2022-01-29 21:19:56,22.2855,114.1577,60.24,86,100,1.01,overcast clouds
494,Nadym,RU,2022-01-29 21:19:57,65.5333,72.5167,-7.47,95,99,9.01,overcast clouds
495,Jumla,NP,2022-01-29 21:19:58,29.2747,82.1838,32.02,49,0,5.12,clear sky
496,Baijiantan,CN,2022-01-29 21:19:59,45.6333,85.1833,1.0,96,100,0.6,overcast clouds
497,Panguna,PG,2022-01-29 21:19:59,-6.3164,155.4848,69.84,96,100,2.06,light rain
498,Millinocket,US,2022-01-29 21:20:00,45.6573,-68.7098,7.92,78,100,20.71,heavy snow
499,Caxito,AO,2022-01-29 21:20:01,-8.5785,13.6643,76.82,91,100,1.28,overcast clouds
500,Hersbruck,DE,2022-01-29 21:16:26,49.5125,11.4339,43.7,90,100,21.3,overcast clouds
501,Bathsheba,BB,2022-01-29 21:20:03,13.2167,-59.5167,79.41,69,40,13.8,scattered clouds
502,Breznik,BG,2022-01-29 21:20:04,42.7414,22.8981,25.68,95,16,3.67,few clouds
503,Shitkino,RU,2022-01-29 21:20:05,56.3703,98.3543,-11.92,100,97,2.73,overcast clouds
504,Shenzhen,CN,2022-01-29 21:20:06,22.5455,114.0683,60.13,90,100,9.57,overcast clouds
505,Alamosa,US,2022-01-29 21:20:07,37.4695,-105.87,37.35,32,0,0.0,clear sky
506,Nazareno Etla,MX,2022-01-29 21:20:07,17.1783,-96.8239,70.59,64,71,8.46,broken clouds
507,Ayan,RU,2022-01-29 21:20:08,56.45,138.1667,0.72,78,100,20.85,overcast clouds
508,Camacha,PT,2022-01-29 21:20:09,33.0833,-16.3333,61.56,82,40,10.36,scattered clouds
509,Oudtshoorn,ZA,2022-01-29 21:20:10,-33.5907,22.2014,65.82,78,0,2.93,clear sky
510,Meulaboh,ID,2022-01-29 21:16:12,4.1363,96.1285,77.54,87,78,2.89,broken clouds
511,Bollnas,SE,2022-01-29 21:20:12,61.3482,16.3946,32.4,98,100,9.73,snow
512,Candido Mendes,BR,2022-01-29 21:20:12,-1.4467,-45.7167,73.99,94,100,2.53,light rain
513,Shasta Lake,US,2022-01-29 21:21:13,40.6804,-122.3708,67.35,27,1,2.17,clear sky
514,Mizan Teferi,ET,2022-01-29 21:21:14,6.9833,35.5833,67.37,46,16,1.03,few clouds
515,Ekhabi,RU,2022-01-29 21:21:15,53.5102,142.9671,-17.09,95,81,7.63,broken clouds
516,Kamina,CD,2022-01-29 21:21:16,-8.7386,24.9906,65.14,97,100,4.03,light rain
517,Mehamn,NO,2022-01-29 21:20:17,71.0357,27.8492,19.35,86,75,11.5,broken clouds
518,Pattan,IN,2022-01-29 21:19:02,34.1667,74.5667,32.09,65,1,2.66,clear sky
519,Qasigiannguit,GL,2022-01-29 21:21:18,68.8193,-51.1922,12.45,72,88,15.1,overcast clouds
520,Nalut,LY,2022-01-29 21:21:19,30.3333,10.85,43.95,55,0,9.24,clear sky
521,Zeya,RU,2022-01-29 21:21:20,53.75,127.2667,-2.76,86,100,3.53,overcast clouds
522,Hambantota,LK,2022-01-29 21:21:20,6.1241,81.1185,77.95,82,73,6.8,broken clouds
523,Snasa,NO,2022-01-29 21:21:21,64.2457,12.3778,34.93,99,100,4.12,snow
524,Sanger,US,2022-01-29 21:21:22,36.708,-119.556,69.08,47,75,1.99,broken clouds
525,Pevek,RU,2022-01-29 21:21:23,69.7008,170.3133,-18.06,99,82,3.44,broken clouds
526,Goba,ET,2022-01-29 21:21:24,7.0167,39.9833,49.69,25,12,4.59,few clouds
527,Mashhad,IR,2022-01-29 21:20:22,36.297,59.6062,33.94,75,84,4.61,broken clouds
528,Leningradskiy,RU,2022-01-29 21:21:25,69.3833,178.4167,-9.83,90,55,5.03,broken clouds
529,Nyuksenitsa,RU,2022-01-29 21:21:26,60.4128,44.2397,13.23,97,94,4.94,overcast clouds
530,Bondoukou,CI,2022-01-29 21:21:27,8.0333,-2.8,81.05,18,23,4.74,few clouds
531,Catalina Foothills,US,2022-01-29 21:21:28,32.2979,-110.9187,72.32,19,0,7.0,clear sky
532,Dryden,CA,2022-01-29 21:21:29,49.7833,-92.7503,10.69,79,100,3.44,overcast clouds
533,Mezen,RU,2022-01-29 21:21:30,65.8522,44.24,12.24,95,99,8.34,overcast clouds
534,Iqaluit,CA,2022-01-29 21:17:18,63.7506,-68.5145,-9.67,64,75,6.91,broken clouds
535,Broome,US,2022-01-29 21:17:22,42.2506,-75.833,13.21,59,0,5.99,clear sky
536,Moroni,KM,2022-01-29 21:21:32,-11.7022,43.2551,78.64,77,46,1.57,scattered clouds
537,Myitkyina,MM,2022-01-29 21:21:33,25.3833,97.4,49.98,76,1,2.59,clear sky
538,Batagay-Alyta,RU,2022-01-29 21:21:34,67.8006,130.4114,-19.93,95,66,5.06,broken clouds
539,Kargasok,RU,2022-01-29 21:17:14,59.0556,80.8572,-4.85,100,99,4.36,overcast clouds
540,Nikolsk,RU,2022-01-29 21:21:36,53.7189,46.0712,14.86,96,95,5.17,overcast clouds
541,Visnes,NO,2022-01-29 21:17:10,59.3556,5.2242,42.85,65,40,36.82,light rain
542,Ola,RU,2022-01-29 21:21:38,59.5833,151.2833,11.32,80,100,11.83,overcast clouds
543,Victor Harbor,AU,2022-01-29 21:21:39,-35.5667,138.6167,69.73,84,0,7.85,clear sky
544,Kibala,TD,2022-01-29 21:21:40,9.1104,18.3463,77.56,18,32,5.28,scattered clouds
545,Tadine,NC,2022-01-29 21:21:40,-21.55,167.8833,79.88,87,100,11.88,heavy intensity rain
546,Toppenish,US,2022-01-29 21:21:41,46.3774,-120.3087,33.26,79,86,1.77,overcast clouds
547,Mandalgovi,MN,2022-01-29 21:21:42,45.7625,106.2708,-0.72,90,100,17.11,overcast clouds
548,Yarmouth,US,2022-01-29 21:21:43,41.7057,-70.2286,26.96,96,100,37.36,snow
549,Narva,EE,2022-01-29 21:21:44,59.3772,28.1903,26.19,92,100,20.56,snow
550,Walvis Bay,NA,2022-01-29 21:21:34,-22.9575,14.5053,64.09,77,10,12.66,clear sky
551,Anadyr,RU,2022-01-29 21:21:45,64.75,177.4833,-14.01,83,20,0.0,mist
552,Kieta,PG,2022-01-29 21:21:46,-6.2167,155.6333,79.07,88,100,8.63,light rain
553,San Policarpo,PH,2022-01-29 21:21:47,12.1791,125.5072,77.85,88,59,5.3,broken clouds
554,Indianola,US,2022-01-29 21:21:48,41.3581,-93.5574,38.88,56,22,5.68,few clouds
555,Pucallpa,PE,2022-01-29 21:21:49,-8.3791,-74.5539,86.04,70,40,6.91,scattered clouds
556,Evensk,RU,2022-01-29 21:21:50,61.95,159.2333,15.4,80,100,11.39,overcast clouds
557,Riyadh,SA,2022-01-29 21:20:54,24.6877,46.7219,51.94,37,0,10.92,clear sky
558,Quelimane,MZ,2022-01-29 21:21:51,-17.8786,36.8883,80.55,89,20,5.75,few clouds
559,Lagoa,PT,2022-01-29 21:21:52,39.05,-27.9833,58.5,73,77,13.76,broken clouds
560,Hienghene,NC,2022-01-29 21:21:53,-20.6833,164.9333,80.17,77,21,4.16,few clouds
561,Manokwari,ID,2022-01-29 21:21:54,-0.8667,134.0833,77.38,76,99,5.79,overcast clouds
562,Poum,NC,2022-01-29 21:22:54,-20.2333,164.0167,80.92,79,39,9.19,scattered clouds
563,Tomari,RU,2022-01-29 21:22:55,47.7658,142.0683,9.88,82,99,11.59,light snow
564,Kampong Thum,KH,2022-01-29 21:22:56,12.7111,104.8887,74.64,85,55,3.85,broken clouds
565,Marathon,US,2022-01-29 21:22:57,44.9,-89.7668,24.55,64,100,1.01,overcast clouds
566,Koslan,RU,2022-01-29 21:22:58,63.4564,48.8989,17.46,93,100,8.25,light snow
567,Nizhniy Tsasuchey,RU,2022-01-29 21:22:59,50.5167,115.1333,-12.51,96,14,5.26,few clouds
568,Ximei,CN,2022-01-29 21:23:00,24.9639,118.3794,55.13,83,100,3.11,light rain
569,Amga,RU,2022-01-29 21:23:00,60.8953,131.9608,-30.33,100,87,1.86,overcast clouds
570,Singaparna,ID,2022-01-29 21:23:01,-7.3515,108.111,72.23,96,100,1.57,overcast clouds
571,Mpika,ZM,2022-01-29 21:23:02,-11.8343,31.4529,62.58,96,100,1.45,light rain
572,Kuminskiy,RU,2022-01-29 21:23:03,58.6667,66.5667,7.57,97,100,3.36,overcast clouds
573,Pando,UY,2022-01-29 21:23:04,-34.7167,-55.95,83.17,57,20,14.97,few clouds
574,Te Anau,NZ,2022-01-29 21:23:05,-45.4167,167.7167,57.67,88,100,1.41,overcast clouds
575,Kupang,ID,2022-01-29 21:23:06,-10.1667,123.5833,79.38,89,20,8.05,few clouds
576,Vostok,RU,2022-01-29 21:23:07,46.4856,135.8833,-18.51,99,100,3.98,overcast clouds
577,Caceres,ES,2022-01-29 21:23:08,39.522,-6.3748,47.8,41,0,5.66,clear sky
578,Itarema,BR,2022-01-29 21:23:09,-2.9248,-39.9167,79.66,69,96,9.73,overcast clouds
579,Juarez,MX,2022-01-29 21:23:09,31.7333,-106.4833,56.21,26,20,6.91,few clouds
580,Celestun,MX,2022-01-29 21:21:18,20.8667,-90.4,71.19,54,76,17.58,broken clouds
581,Kantang,TH,2022-01-29 21:23:11,7.4054,99.5156,74.79,89,29,2.46,scattered clouds
582,Sechura,PE,2022-01-29 21:23:12,-5.5569,-80.8222,79.21,62,58,16.93,broken clouds
583,Holme,DK,2022-01-29 21:23:13,56.1138,10.1725,42.37,72,83,39.1,broken clouds
584,Half Moon Bay,US,2022-01-29 21:23:13,37.4636,-122.4286,66.97,51,0,1.99,clear sky
585,Calabozo,VE,2022-01-29 21:23:14,8.9242,-67.4293,96.17,20,28,7.18,scattered clouds
586,Matara,LK,2022-01-29 21:23:15,5.9485,80.5353,77.2,87,94,6.13,overcast clouds
587,Vysokogornyy,RU,2022-01-29 21:23:16,50.1167,139.15,-20.43,100,93,3.27,overcast clouds
588,Caloundra,AU,2022-01-29 21:23:17,-26.8,153.1333,76.12,93,67,5.99,broken clouds
589,Luoyang,CN,2022-01-29 21:23:18,34.6836,112.4536,31.46,86,73,2.33,broken clouds
590,Sydney,AU,2022-01-29 21:20:30,-33.8679,151.2073,77.31,84,40,1.01,scattered clouds
591,Kerema,PG,2022-01-29 21:23:19,-7.9631,145.7785,77.47,83,100,2.62,light rain
592,Mae Sot,TH,2022-01-29 21:23:20,16.7167,98.5667,61.09,86,51,1.59,broken clouds
593,Geelong,AU,2022-01-29 21:23:21,-38.1471,144.3607,69.82,90,100,3.0,overcast clouds
594,Jibuti,DJ,2022-01-29 21:22:06,11.5,42.5,71.02,71,6,12.39,clear sky
595,Autazes,BR,2022-01-29 21:23:23,-3.5797,-59.1306,75.43,97,100,3.27,heavy intensity rain
596,Boende,CD,2022-01-29 21:23:24,-0.2167,20.8667,75.18,50,11,1.9,few clouds
597,Santa Maria,BR,2022-01-29 21:19:37,-29.6842,-53.8069,83.52,33,0,9.73,clear sky
598,Koygorodok,RU,2022-01-29 21:23:25,60.445,50.9968,10.49,96,98,5.28,overcast clouds
599,Simao,CN,2022-01-29 21:23:26,22.7886,100.9748,44.35,56,0,1.9,clear sky
600,Japura,ID,2022-01-29 21:23:27,-0.3167,102.35,75.65,86,99,1.9,overcast clouds
601,La Rioja,ES,2022-01-29 21:23:29,42.25,-2.5,39.04,42,2,6.2,clear sky
602,Sioux Lookout,CA,2022-01-29 21:23:30,50.1001,-91.917,10.78,79,100,4.61,overcast clouds
603,Griffith,US,2022-01-29 21:23:30,41.5284,-87.4237,24.75,53,0,3.0,clear sky
604,Manono,CD,2022-01-29 21:23:31,-7.3,27.4167,70.32,95,100,2.24,overcast clouds
605,Calama,CL,2022-01-29 21:23:32,-22.4667,-68.9333,72.09,21,0,26.46,clear sky
606,Aykhal,RU,2022-01-29 21:23:33,66.0,111.5,-20.33,99,33,5.26,scattered clouds
607,Lircay,PE,2022-01-29 21:23:35,-12.9896,-74.7205,63.14,65,99,6.6,overcast clouds
608,Liberal,US,2022-01-29 21:19:57,37.0431,-100.921,69.03,13,0,10.36,clear sky
609,La Ronge,CA,2022-01-29 21:23:36,55.1001,-105.2842,8.85,66,75,3.44,broken clouds
610,Byron Bay,AU,2022-01-29 21:24:38,-28.65,153.6167,75.15,81,61,8.77,broken clouds
611,Nanortalik,GL,2022-01-29 21:24:39,60.1432,-45.2371,19.78,65,100,12.53,light snow
612,Lukoyanov,RU,2022-01-29 21:24:40,55.0277,44.4786,19.13,96,100,5.26,light snow
613,Kasongo-Lunda,CD,2022-01-29 21:24:41,-6.4667,16.8167,75.96,76,100,1.21,overcast clouds
614,Nome,US,2022-01-29 21:23:33,64.5011,-165.4064,-3.84,59,0,3.44,clear sky
615,Cockburn Town,TC,2022-01-29 21:24:42,21.4612,-71.1419,80.56,65,20,5.75,few clouds
616,Santiago,CL,2022-01-29 21:23:52,-33.4569,-70.6483,81.28,42,0,9.22,clear sky
617,Ulaangom,MN,2022-01-29 21:24:44,49.9811,92.0667,-23.15,92,98,3.44,overcast clouds
618,Hovd,MN,2022-01-29 21:24:45,48.0056,91.6419,-13.16,72,13,2.57,few clouds
619,Tabou,CI,2022-01-29 21:24:46,4.423,-7.3528,80.26,85,30,6.85,scattered clouds
620,Alakurtti,RU,2022-01-29 21:24:46,66.9672,30.3491,5.63,97,100,2.3,overcast clouds
621,Sherpur,BD,2022-01-29 21:24:47,25.0188,90.0175,55.72,56,0,5.7,clear sky
622,Auch,FR,2022-01-29 21:24:48,43.65,0.5833,39.25,87,2,3.0,clear sky
623,Barra,BR,2022-01-29 21:24:49,-11.0894,-43.1417,73.35,83,100,8.21,overcast clouds
624,Dhuburi,IN,2022-01-29 21:24:50,26.0333,89.9667,56.32,57,0,2.24,clear sky
625,Sayat,TM,2022-01-29 21:24:51,38.7839,63.8803,31.87,55,93,9.28,overcast clouds
626,Dwarka,IN,2022-01-29 21:24:51,22.2394,68.9678,67.96,61,2,10.33,clear sky
627,Saint-Leu,RE,2022-01-29 21:24:52,-21.15,55.2833,74.26,81,63,7.16,light rain
628,Moyale,KE,2022-01-29 21:24:53,3.5167,39.0584,71.73,25,2,7.63,clear sky
629,Shwebo,MM,2022-01-29 21:24:54,22.5667,95.7,57.54,63,0,1.7,clear sky
630,Methoni,GR,2022-01-29 21:24:55,36.8197,21.7049,49.86,76,100,12.55,overcast clouds
631,Marienburg,PL,2022-01-29 21:24:56,54.0359,19.0266,46.96,81,100,26.82,light rain
632,Channel-Port Aux Basques,CA,2022-01-29 21:24:56,47.5702,-59.1367,33.91,97,100,44.67,snow
633,Talnakh,RU,2022-01-29 21:24:57,69.4865,88.3972,-0.89,97,100,9.53,overcast clouds
634,Pandamatenga,BW,2022-01-29 21:24:58,-18.5278,25.627,65.84,96,100,3.49,overcast clouds
635,Mackenzie,CA,2022-01-29 21:24:59,55.2999,-123.1698,30.42,86,100,10.36,overcast clouds
636,Belaya Gora,RU,2022-01-29 21:25:00,68.5333,146.4167,-15.84,100,100,1.12,overcast clouds
637,Santa Cruz De La Palma,ES,2022-01-29 21:25:01,28.6835,-17.7642,64.54,55,14,5.75,few clouds
638,Batouri,CM,2022-01-29 21:25:02,4.4333,14.3667,75.61,25,100,2.98,overcast clouds
639,Rosarito,MX,2022-01-29 21:25:02,32.3333,-117.0333,71.67,26,100,4.92,overcast clouds
640,Zhigansk,RU,2022-01-29 21:25:03,66.7697,123.3711,-29.88,100,100,1.68,overcast clouds
641,Salinas,US,2022-01-29 21:25:04,36.6777,-121.6555,68.65,43,0,3.44,clear sky
642,Wuda,CN,2022-01-29 21:25:05,39.4994,106.7117,20.61,48,7,13.02,clear sky
643,Rapar,IN,2022-01-29 21:25:07,23.5667,70.6333,64.15,34,0,7.07,clear sky
644,Kununurra,AU,2022-01-29 21:25:07,-15.7667,128.7333,78.78,89,100,8.05,overcast clouds
645,Dangriga,BZ,2022-01-29 21:25:08,16.9692,-88.2321,71.98,85,100,14.54,overcast clouds
646,Umea,SE,2022-01-29 21:25:09,63.8284,20.2597,30.9,100,100,10.36,overcast clouds
647,Jardim,BR,2022-01-29 21:25:10,-21.4803,-56.1381,88.14,49,57,2.3,broken clouds
648,Leshan,CN,2022-01-29 21:25:11,29.5623,103.7639,43.54,83,100,2.71,overcast clouds
649,Quatre Cocos,MU,2022-01-29 21:24:32,-20.2078,57.7625,79.09,71,97,14.32,overcast clouds
650,Bavly,RU,2022-01-29 21:25:12,54.393,53.2602,7.34,96,100,5.53,overcast clouds
651,Santa Cruz De Tenerife,ES,2022-01-29 21:20:33,28.4682,-16.2546,66.29,80,40,3.0,haze
652,Amapa,BR,2022-01-29 21:25:14,1.0,-52.0,73.38,98,100,3.02,overcast clouds
653,Tynda,RU,2022-01-29 21:25:15,55.1667,124.7167,-16.22,93,34,4.97,scattered clouds
654,Yulara,AU,2022-01-29 21:25:16,-25.2406,130.9889,75.04,94,100,12.66,overcast clouds
655,Khuzhir,RU,2022-01-29 21:25:17,53.1939,107.3397,-1.08,93,66,0.87,broken clouds
656,Miraflores,MX,2022-01-29 21:26:18,19.2167,-98.8083,72.25,39,8,3.38,clear sky
657,Caraz,PE,2022-01-29 21:26:19,-9.0486,-77.81,63.48,85,100,9.15,light rain
658,Shuangyang,CN,2022-01-29 21:26:20,43.5242,125.6736,8.56,93,6,5.77,clear sky
659,Vila Velha,BR,2022-01-29 21:23:44,-20.3297,-40.2925,80.55,86,20,13.0,few clouds
660,Alghero,IT,2022-01-29 21:26:21,40.5589,8.3181,39.29,93,3,1.14,fog
661,Shubarkuduk,KZ,2022-01-29 21:26:22,49.1447,56.4872,10.53,98,99,7.0,overcast clouds
662,Catanzaro,IT,2022-01-29 21:26:23,38.8908,16.5987,39.56,56,1,6.96,clear sky
663,Awjilah,LY,2022-01-29 21:26:24,29.1081,21.2869,52.52,38,0,11.72,clear sky
664,Angoche,MZ,2022-01-29 21:26:24,-16.2325,39.9086,77.65,84,100,6.2,overcast clouds
665,Alekseyevskoye,RU,2022-01-29 21:26:26,55.3071,50.1135,9.28,95,100,8.46,overcast clouds
666,Nianzishan,CN,2022-01-29 21:26:27,47.5167,122.8833,-2.87,87,2,5.55,clear sky
667,Mapua,NZ,2022-01-29 21:26:28,-41.25,173.1,74.01,69,13,5.91,few clouds
668,Puerto Colombia,CO,2022-01-29 21:26:28,10.9878,-74.9547,84.29,73,1,18.5,clear sky
669,Saint-Pierre,RE,2022-01-29 21:26:29,-21.3393,55.4781,74.88,83,38,6.91,scattered clouds
670,Kishtwar,IN,2022-01-29 21:26:30,33.3167,75.7667,32.5,72,4,6.64,clear sky
671,Graaff-Reinet,ZA,2022-01-29 21:26:31,-32.2522,24.5308,66.92,71,0,3.13,clear sky
672,Verkhnyaya Inta,RU,2022-01-29 21:26:32,65.9811,60.3094,8.74,84,100,6.78,overcast clouds
673,Kloulklubed,PW,2022-01-29 21:26:33,7.0419,134.2556,75.7,77,69,8.37,broken clouds
674,Jadu,LY,2022-01-29 21:26:34,31.953,12.0261,44.82,68,71,11.48,broken clouds
675,Huarmey,PE,2022-01-29 21:26:35,-10.0681,-78.1522,74.57,74,27,10.47,scattered clouds
676,Semey,KZ,2022-01-29 21:26:36,50.4111,80.2275,10.26,78,100,15.48,overcast clouds
677,Oistins,BB,2022-01-29 21:22:27,13.0667,-59.5333,78.89,69,40,13.8,scattered clouds
678,Ust-Nera,RU,2022-01-29 21:26:38,64.5667,143.2,-16.71,100,99,0.76,overcast clouds
679,Tres Lagoas,BR,2022-01-29 21:26:39,-20.7511,-51.6783,74.46,87,99,7.85,light rain
680,Canby,US,2022-01-29 21:26:40,45.2629,-122.6926,52.38,54,0,0.0,clear sky
681,Moose Factory,CA,2022-01-29 21:26:41,51.2585,-80.6094,-0.4,71,0,5.75,clear sky
682,Bykovo,RU,2022-01-29 21:26:42,55.6361,38.0803,25.5,100,100,0.0,mist
683,Tarko-Sale,RU,2022-01-29 21:26:43,64.9225,77.785,-13.65,99,91,9.13,overcast clouds
684,Nampa,US,2022-01-29 21:26:44,43.5407,-116.5635,33.19,69,0,0.0,clear sky
685,Kjollefjord,NO,2022-01-29 21:26:45,70.9457,27.3465,19.22,86,75,11.5,broken clouds
686,Farsund,NO,2022-01-29 21:26:45,58.0948,6.8047,41.95,69,84,41.07,broken clouds
687,Rocha,UY,2022-01-29 21:23:26,-34.4833,-54.3333,74.93,59,8,12.17,clear sky
688,Taihe,CN,2022-01-29 21:26:48,30.8712,105.3845,42.87,78,100,2.82,overcast clouds
689,Palembang,ID,2022-01-29 21:26:48,-2.9167,104.7458,78.89,94,20,0.0,haze
690,Robertsport,LR,2022-01-29 21:26:49,6.7533,-11.3686,80.85,81,85,11.43,overcast clouds
691,Linxia,CN,2022-01-29 21:26:50,35.6003,103.2064,7.77,85,44,2.68,scattered clouds
692,Sendafa,ET,2022-01-29 21:26:51,9.15,39.0333,50.43,62,8,1.99,clear sky
693,Gander,CA,2022-01-29 21:25:39,48.9682,-54.5906,30.33,100,100,25.99,overcast clouds
694,Asau,RO,2022-01-29 21:25:18,46.4333,26.4,29.32,88,80,7.85,broken clouds
695,Bad Aussee,AT,2022-01-29 21:26:53,47.61,13.7824,43.02,92,52,5.82,broken clouds
696,Kuusamo,FI,2022-01-29 21:26:54,65.9667,29.1833,17.64,93,75,9.22,broken clouds
697,Gualeguay,AR,2022-01-29 21:26:55,-33.1416,-59.3097,82.96,42,2,8.28,clear sky
698,Vichuga,RU,2022-01-29 21:26:56,57.2128,41.9301,5.74,100,93,3.22,overcast clouds
699,Hoa Binh,VN,2022-01-29 21:26:56,20.8133,105.3383,55.29,84,100,2.19,overcast clouds
700,Salgueiro,BR,2022-01-29 21:23:40,-8.0742,-39.1192,70.75,88,100,6.38,overcast clouds
701,Bhatkal,IN,2022-01-29 21:27:58,13.9667,74.5667,79.39,58,48,7.81,scattered clouds
702,Antalaha,MG,2022-01-29 21:27:59,-14.9003,50.2788,73.56,88,14,5.46,few clouds
703,Skibbereen,IE,2022-01-29 21:28:00,51.55,-9.2667,44.4,84,75,5.41,broken clouds
704,Kiruna,SE,2022-01-29 21:28:01,67.8557,20.2251,11.32,92,0,3.44,clear sky
705,Matay,EG,2022-01-29 21:28:01,28.419,30.7792,49.93,51,2,5.17,clear sky
706,Talara,PE,2022-01-29 21:28:02,-4.5772,-81.2719,81.36,61,0,10.36,clear sky
707,Dukat,RU,2022-01-29 21:28:03,62.55,155.55,-8.54,98,100,3.24,overcast clouds
708,Kharp,RU,2022-01-29 21:28:04,66.8014,65.8081,-11.51,100,100,0.72,overcast clouds
709,Coromandel,BR,2022-01-29 21:27:08,-18.4733,-47.2003,71.38,85,100,2.44,overcast clouds
710,Bella Vista,US,2022-01-29 21:28:06,36.4295,-94.2316,58.08,31,0,1.01,clear sky
711,Sao Jose Da Coroa Grande,BR,2022-01-29 21:28:06,-8.8978,-35.1478,76.53,75,100,5.73,overcast clouds
712,Tambun,ID,2022-01-29 21:24:51,-6.2641,107.0712,78.49,76,100,0.92,overcast clouds
713,Santa Cruz Del Sur,CU,2022-01-29 21:28:08,20.7147,-77.9956,76.3,63,48,20.09,scattered clouds
714,Takaka,NZ,2022-01-29 21:28:09,-40.85,172.8,73.98,45,0,3.02,clear sky
715,Kysyl-Syr,RU,2022-01-29 21:28:10,63.8986,122.7617,-16.73,100,100,4.34,overcast clouds
716,Abyek,IR,2022-01-29 21:28:10,36.0667,50.55,24.4,50,7,5.17,clear sky
717,Belyy Yar,RU,2022-01-29 21:27:01,53.6039,91.3903,-18.51,76,40,2.24,smoke
718,Uhlove,UA,2022-01-29 21:28:12,44.8215,33.6045,39.02,63,100,11.48,overcast clouds
719,Dunedin,NZ,2022-01-29 21:28:13,-45.8742,170.5036,59.2,79,100,4.27,overcast clouds
720,Itupiranga,BR,2022-01-29 21:28:14,-5.1347,-49.3267,80.92,96,100,3.69,overcast clouds
721,Ostersund,SE,2022-01-29 21:28:14,63.1792,14.6357,27.05,100,100,13.8,snow
722,Banihal,IN,2022-01-29 21:28:15,33.4167,75.2,29.57,78,5,4.34,clear sky
723,Antofagasta,CL,2022-01-29 21:28:16,-23.65,-70.4,71.22,60,19,8.77,few clouds
724,Namibe,AO,2022-01-29 21:28:17,-15.1961,12.1522,72.28,76,100,6.69,overcast clouds
725,Forest,US,2022-01-29 21:28:18,37.3638,-79.2897,30.92,33,0,4.0,clear sky
726,Si Satchanalai,TH,2022-01-29 21:28:19,17.5169,99.7598,68.61,58,47,1.52,scattered clouds
727,Gao,ML,2022-01-29 21:28:20,16.6362,1.637,68.61,14,0,11.97,clear sky
728,Harper,LR,2022-01-29 21:28:21,4.375,-7.7169,79.97,86,61,6.2,broken clouds
729,Gorontalo,ID,2022-01-29 21:28:21,0.5412,123.0595,74.03,94,99,3.33,overcast clouds
730,Hvide Sande,DK,2022-01-29 21:28:22,56.0045,8.1294,44.01,72,78,51.92,broken clouds
731,Katherine,AU,2022-01-29 21:28:23,-14.4667,132.2667,79.12,89,98,10.36,overcast clouds
732,Thinadhoo,MV,2022-01-29 21:28:24,0.5333,72.9333,81.23,72,100,4.74,overcast clouds
733,Sompeta,IN,2022-01-29 21:28:25,18.9333,84.6,63.21,54,2,4.27,clear sky
734,Malatya,TR,2022-01-29 21:28:26,38.5,38.0,6.85,85,75,6.91,broken clouds
735,Traiguen,CL,2022-01-29 21:28:27,-38.25,-72.6833,80.46,28,0,11.12,clear sky
736,Pasil,PH,2022-01-29 21:28:27,17.3833,121.1333,63.68,97,77,3.96,broken clouds
737,Sisimiut,GL,2022-01-29 21:28:29,66.9395,-53.6735,8.02,85,100,31.68,light snow
738,Patiya,BD,2022-01-29 21:28:30,22.2931,91.9762,49.41,78,0,4.21,clear sky
739,Imperia,IT,2022-01-29 21:28:31,43.9667,7.7833,45.0,88,90,3.27,overcast clouds
740,San Patricio,US,2022-01-29 21:28:32,28.017,-97.5169,68.09,25,54,5.39,broken clouds
741,Lima,PE,2022-01-29 21:28:33,-12.0432,-77.0282,76.39,85,40,1.99,scattered clouds
